{
  "model": "2-node-measured-case",
  "description": "使用实测机壳温度作为边界条件",
  "parameters": {
    "R_1": 0.013840774875767571,
    "R_2": 0.02063415158586591,
    "C_1": 299.99948494941833,
    "C_2": 149.99564983219636,
    "R_total": 0.034474926461633484
  },
  "accuracy": {
    "RMSE1": 2.32619332666873,
    "RMSE2": 2.835605573154058,
    "MAE1": 1.3096820754286824,
    "MAE2": 2.638458555254613,
    "MaxError1": 15.397500646074747,
    "MaxError2": 9.04393854007208,
    "accuracy_pass": false
  },
  "conditions": {
    "J_loss1": 652,
    "J_loss2": 452
  }
}