{
  "model": "3-node",
  "parameters": {
    "R_amb": 0.10350144164267351,
    "R_1": 0.001,
    "R_2": 0.03467574200591071,
    "C_case": 4999.998786947281,
    "C_1": 309.87792837641183,
    "C_2": 50.00003484714046,
    "R_total": 0.13917718364858422
  },
  "accuracy": {
    "case": {
      "RMSE1": 3.615244049713392,
      "RMSE2": 1.6532636974361405,
      "MaxError1": 21.519267999999997,
      "MaxError2": 8.309463999999998
    },
    "coil": {
      "RMSE1": 2.6947355352707025,
      "RMSE2": 1.8776657001873909,
      "MAE1": 1.7745359694611311,
      "MAE2": 1.706823184187688,
      "MaxError1": 25.055492777777772,
      "MaxError2": 11.582958999999999
    },
    "accuracy_pass": false
  },
  "conditions": {
    "J_loss1": 652,
    "J_loss2": 452,
    "T_amb": 14
  }
}