{
  "parameters": {
    "R1": 0.019838284343918603,
    "R2": 0.014766084019041286,
    "C1": 200.00169604723396,
    "C2": 100.00177908655488,
    "R_total": 0.03460436836295989
  },
  "accuracy": {
    "RMSE1": 2.4004115589838384,
    "RMSE2": 2.793793774547344,
    "MAE1": 1.3554917517234075,
    "MAE2": 2.5921772729406403,
    "MaxError1": 16.059195117866153,
    "MaxError2": 9.42605545581586,
    "accuracy_pass": false
  },
  "conditions": {
    "J_loss1": 652,
    "J_loss2": 452,
    "T_amb": 14
  }
}