{
  "parameters": {
    "R1": 0.00016151823793107754,
    "R2": 0.03563739937996264,
    "C1": 10.528396535882033,
    "C2": 2361.1683491718195,
    "R_total": 0.035798917617893715
  },
  "accuracy": {
    "RMSE1": 1.4361179880329065,
    "RMSE2": 2.418670515091992,
    "MAE1": 1.2501407514256124,
    "MAE2": 2.3902391221630985,
    "MAPE1": 1.3364974803825183,
    "MAPE2": 3.2866015194916485,
    "MaxError1": 2.669755234999201,
    "MaxError2": 2.9542887642838167,
    "accuracy_pass": true
  },
  "conditions": {
    "J_loss1": 652,
    "J_loss2": 452,
    "T_amb": 14
  }
}